Alfi,apleaden0@google.co.jp,Female
Crawford,cceschelli1@ed.gov,Male
Bethina,bpopping2@cdbaby.com,Female
Gilligan,gbrunker3@studiopress.com,Female
Veda,vsewart4@boston.com,Female
Blithe,bshevlan5@bbb.org,Female
Alexio,aclurow6@elegantthemes.com,Male
Marti,mhevey7@dell.com,Female
Sheridan,sbowe8@prweb.com,Male
Phaedra,plyddon9@huffingtonpost.com,Female
Giuseppe,gpoa@eventbrite.com,Male
Harbert,hcoselyb@uiuc.edu,Male
Fay,fsitlingtonc@ovh.net,Female
Channa,cvanhaeftend@shutterfly.com,Female
Karine,kcamilloe@vimeo.com,Female
Neilla,nradbondf@cafepress.com,Female
Sammie,shallgarthg@free.fr,Male
Evelyn,epapaminash@ucsd.edu,Male
Elonore,ematei@typepad.com,Female
Ileana,ibauserj@sohu.com,Female
Emmye,eclowesk@cornell.edu,Female
Conny,cstorml@japanpost.jp,Male
Stefa,smurielm@usa.gov,Female
Ericha,emalshern@bing.com,Female
Shellysheldon,sjacklingso@elpais.com,Male
Clarey,cborthp@uol.com.br,Female
Stefanie,sallredq@delicious.com,Female
Mendie,mpiegromer@craigslist.org,Male
Julian,jchalmerss@pagesperso-orange.fr,Male
Zebedee,zvidelert@exblog.jp,Male
Almira,aloselu@4shared.com,Female
Anne,agentricv@tinypic.com,Female
Symon,sblindermannw@cafepress.com,Male
Brittan,bgenningsx@un.org,Female
Georgeanne,grounsivally@nymag.com,Female
Janey,jjosskovitzz@newsvine.com,Female
Myrwyn,mmollindinia10@uiuc.edu,Male
Lowrance,lpashley11@tinypic.com,Male
Arvin,acicculi12@webs.com,Male
Bank,bterne13@cafepress.com,Male
Callean,cmolen14@zimbio.com,Male
Ki,kguiraud15@howstuffworks.com,Female
Damara,dderoche16@omniture.com,Female
Ignacius,iwetherill17@dailymail.co.uk,Male
Dania,dchater18@gmpg.org,Female
Harlin,hdicken19@ycombinator.com,Male
Lacee,lvigors1a@jalbum.net,Female
Sidonnie,sgarber1b@techcrunch.com,Female
Kristel,krewcastle1c@etsy.com,Female
Elise,efrankom1d@nature.com,Female
Caleb,cgilbeart1e@arstechnica.com,Male
Nessa,nbaulch1f@seattletimes.com,Female
Hugh,hromushkin1g@gnu.org,Male
Bobbe,bfink1h@go.com,Female
Lilla,lkidder1i@toplist.cz,Female
Stanislas,sdismore1j@amazon.co.uk,Male
Cilka,cisack1k@npr.org,Female
Merrill,mclement1l@usda.gov,Male
Llywellyn,lflaune1m@twitter.com,Male
Babb,bpoppleston1n@spotify.com,Female
Frans,fdubarry1o@adobe.com,Male
Brunhilda,bmackereth1p@blogger.com,Female
Montague,mconfort1q@mtv.com,Male
Ericha,eshadrach1r@about.me,Female
Rozele,rspencelayh1s@apple.com,Female
Emylee,emanhare1t@example.com,Female
Christabel,cstarton1u@163.com,Female
Alford,akynston1v@psu.edu,Male
Babbie,bfeatley1w@intel.com,Female
Elianore,eollerearnshaw1x@springer.com,Female
Irwin,ibartoloma1y@amazon.com,Male
Adolphus,awoofinden1z@flavors.me,Male
Constancia,ctapply20@shutterfly.com,Female
Cassondra,ckeatch21@blogs.com,Female
Felizio,ffeldmus22@meetup.com,Male
Christoper,cbellie23@vinaora.com,Male
Gabby,gmacnockater24@last.fm,Male
Theresita,tcallow25@printfriendly.com,Female
Amy,ahinz26@mail.ru,Female
Hobie,hmcalister27@wp.com,Male
Devin,dclifford28@taobao.com,Male
Jay,jroubay29@over-blog.com,Male
Teriann,tcansdell2a@google.nl,Female
Meir,mscamwell2b@github.io,Male
Chalmers,cdemitri2c@yellowpages.com,Male
Maisey,mollerton2d@w3.org,Female
Celesta,cvankin2e@nationalgeographic.com,Female
Agnesse,agregol2f@bbb.org,Female
Broddie,bgosland2g@cbslocal.com,Male
Juana,jtritten2h@stanford.edu,Female
Claude,csouthcombe2i@census.gov,Female
Jerrold,joshiels2j@columbia.edu,Male
Rodolfo,rlokier2k@kickstarter.com,Male
Hazel,hodaly2l@unblog.fr,Male
Minnnie,mhousbey2m@arstechnica.com,Female
Allyn,apughe2n@intel.com,Male
Brien,bamerici2o@devhub.com,Male
Shirlee,swrate2p@mysql.com,Female
Farrand,fmadle2q@xinhuanet.com,Female
Frasier,ftrahmel2r@shutterfly.com,Male
Joelynn,jgandley2s@ed.gov,Female
Cristen,cdickenson2t@nasa.gov,Female
Meredithe,mdeverock2u@vistaprint.com,Female
Asia,atinklin2v@usnews.com,Female
Laurette,lboddie2w@jigsy.com,Female
Nora,nkelshaw2x@cbsnews.com,Female
Cirilo,cdifranceshci2y@umich.edu,Male
Marcelline,mhupe2z@sphinn.com,Female
Wally,wsutcliff30@example.com,Female
Dawna,dfolkard31@multiply.com,Female
Sophia,spresho32@irs.gov,Female
Arielle,afidelus33@boston.com,Female
Nalani,nweyland34@ca.gov,Female
Josey,jswindells35@drupal.org,Female
Gladi,gswadon36@cbc.ca,Female
Danila,dmalser37@godaddy.com,Female
Tucker,tsouthorn38@rakuten.co.jp,Male
Llewellyn,lbreeton39@phpbb.com,Male
Jannel,jaugustus3a@symantec.com,Female
Patty,pdinehart3b@comcast.net,Female
Gustie,ghaggerstone3c@cnbc.com,Female
Godfry,gpashley3d@washingtonpost.com,Male
Allyce,ajardine3e@cargocollective.com,Female
Nikolos,nbrickhill3f@dedecms.com,Male
Engracia,edrewery3g@cargocollective.com,Female
Valerye,vcater3h@nasa.gov,Female
Kristi,kkelwick3i@moonfruit.com,Female
Vilhelmina,vdurante3j@theatlantic.com,Female
Allyson,adrable3k@microsoft.com,Female
Aguistin,aleppingwell3l@goo.ne.jp,Male
Martyn,mbroxholme3m@paypal.com,Male
Reagan,rdive3n@dion.ne.jp,Male
Dorthea,dpaffot3o@163.com,Female
Frans,falejo3p@msn.com,Male
Janeczka,jmacdirmid3q@hostgator.com,Female
Chad,ctomkin3r@cmu.edu,Male
Adina,asalvadore3s@lycos.com,Female
Jae,jworling3t@yahoo.com,Male
Bronny,bcumes3u@merriam-webster.com,Male
Zola,zlappine3v@addtoany.com,Female
Meir,mdmitriev3w@pcworld.com,Male
Delcina,dfirpo3x@squarespace.com,Female
Inna,icargo3y@etsy.com,Female
Quint,qsilvermann3z@shutterfly.com,Male
Carl,codeoran40@clickbank.net,Male
Renata,rcarsberg41@uol.com.br,Female
Adair,adomenget42@washington.edu,Male
Regina,rpresley43@admin.ch,Female
Sib,sailsbury44@wired.com,Female
Allie,ahalahan45@godaddy.com,Female
Glenn,ghazley46@123-reg.co.uk,Male
Pier,pbonhill47@shutterfly.com,Female
Jourdain,jtowriss48@lycos.com,Male
Davin,dlimbert49@mozilla.org,Male
Neille,npirie4a@tinyurl.com,Female
Josiah,jdanilevich4b@wunderground.com,Male
Marv,mforryan4c@pinterest.com,Male
Rubie,rpottiphar4d@bing.com,Female
Hamlin,hwein4e@example.com,Male
Jaimie,jdesavery4f@ucsd.edu,Female
Twyla,tshreeves4g@flavors.me,Female
Tomkin,tboissieux4h@biglobe.ne.jp,Male
Dee,dohannen4i@etsy.com,Female
Lonny,lsneezum4j@ning.com,Male
Krysta,kfoucar4k@eventbrite.com,Female
Malorie,mowers4l@chron.com,Female
Syman,sdaintrey4m@google.ru,Male
Elicia,esneezum4n@scribd.com,Female
Levon,ltilbey4o@auda.org.au,Male
Rozina,rtopping4p@microsoft.com,Female
Ellary,ebutterfield4q@xing.com,Male
Latrena,lbiggin4r@addthis.com,Female
Georgena,gkennealy4s@angelfire.com,Female
Hadlee,hsayles4t@mayoclinic.com,Male
Wilmette,wroskelley4u@booking.com,Female
Gale,gdrogan4v@istockphoto.com,Male
Del,dmacfadzean4w@tamu.edu,Male
Waldemar,wplumridege4x@reverbnation.com,Male
Wakefield,wglazebrook4y@globo.com,Male
Wolfgang,wandell4z@opensource.org,Male
Nessa,nshewry50@deliciousdays.com,Female
Maisey,mdispencer51@discovery.com,Female
Ermina,ekenrack52@hostgator.com,Female
Deva,dsteere53@vinaora.com,Female
Sibeal,sabercromby54@quantcast.com,Female
Gabrila,gborsi55@ustream.tv,Female
Margot,mheddon56@topsy.com,Female
Hakeem,hgodspede57@people.com.cn,Male
Rozanne,rhavers58@guardian.co.uk,Female
Willard,wcoucher59@cisco.com,Male
Andra,abranwhite5a@storify.com,Female
Galvin,gluthwood5b@moonfruit.com,Male
Katine,kseear5c@delicious.com,Female
Bobby,bfursey5d@goo.ne.jp,Female
Broddie,btoke5e@hatena.ne.jp,Male
Amelie,ahearley5f@illinois.edu,Female
Andrey,aextall5g@msn.com,Male
Lou,ldrioli5h@networksolutions.com,Female
Amery,apetrou5i@qq.com,Male
Lilli,lkennaird5j@time.com,Female
Ranice,rstredwick5k@nymag.com,Female
Mag,myurenin5l@about.me,Female
Jacquetta,jgowrie5m@goo.gl,Female
Brande,bstorer5n@google.ca,Female
Delmar,dpascoe5o@macromedia.com,Male
Lizzie,lmassey5p@clickbank.net,Female
Kala,kalbinson5q@omniture.com,Female
Yehudit,yslayton5r@vimeo.com,Male
Ethelbert,ecromly5s@sina.com.cn,Male
Lynnelle,lgalland5t@blogspot.com,Female
Birk,bmanvelle5u@so-net.ne.jp,Male
Raimund,rstrephan5v@360.cn,Male
Josephina,jshinner5w@ask.com,Female
Der,dgarz5x@netvibes.com,Male
Ignazio,itinmouth5y@examiner.com,Male
Bertina,bleathes5z@topsy.com,Female
Pattin,pbalassi60@bbb.org,Male
Christiano,chamments61@cnet.com,Male
Ellery,ebolliver62@4shared.com,Male
Babara,bfarlane63@epa.gov,Female
Karole,kipsley64@shinystat.com,Female
Victoir,vbrambill65@comsenz.com,Male
Bren,bwayne66@nytimes.com,Female
Abbie,acourtliff67@nih.gov,Male
Gerek,gscuffham68@networkadvertising.org,Male
Beverlee,bcathrall69@craigslist.org,Female
Murdock,mlawtey6a@techcrunch.com,Male
Andrea,aarnli6b@purevolume.com,Female
Jeromy,jknevit6c@fastcompany.com,Male
Martita,mrushton6d@livejournal.com,Female
Cheri,crameau6e@over-blog.com,Female
Astra,atynnan6f@altervista.org,Female
Corine,cjaulme6g@microsoft.com,Female
Daisy,dminchinton6h@ow.ly,Female
Rhianna,rgruczka6i@archive.org,Female
Gothart,gsanham6j@yandex.ru,Male
Aurthur,aridger6k@weebly.com,Male
Arleta,aspaunton6l@technorati.com,Female
Alleen,amarchington6m@psu.edu,Female
Cobby,cbaldock6n@rambler.ru,Male
Bridie,bhutchings6o@posterous.com,Female
Jerome,jcalver6p@sourceforge.net,Male
Tome,tsoftley6q@hud.gov,Male
Farlay,farnet6r@vkontakte.ru,Male
Fraser,faspland6s@amazon.com,Male
Rickie,rding6t@census.gov,Female
Nari,nstocken6u@infoseek.co.jp,Female
Prinz,pcoulter6v@addthis.com,Male
Finlay,fguirardin6w@ftc.gov,Male
Tamiko,tsemble6x@hatena.ne.jp,Female
Hershel,hbolzmann6y@newsvine.com,Male
Ax,agingell6z@acquirethisname.com,Male
Wendall,wdavidesco70@w3.org,Male
Veronica,vwhitaker71@alibaba.com,Female
Jamal,jbelhome72@sphinn.com,Male
Olympe,omcgaw73@businessinsider.com,Female
Flossie,fhydes74@ebay.co.uk,Female
Rhett,rrintoul75@ft.com,Male
Jorie,jvarfolomeev76@nature.com,Female
Theda,tgawthrop77@canalblog.com,Female
Evangeline,espollen78@amazon.de,Female
Martynne,mvockins79@businessinsider.com,Female
Shae,sredsull7a@geocities.jp,Male
Tybie,tbillington7b@wsj.com,Female
Bel,bbarrett7c@pen.io,Female
Allin,apaolillo7d@surveymonkey.com,Male
Solly,sburchmore7e@usgs.gov,Male
Mathilde,mpaschke7f@flickr.com,Female
Isadora,itours7g@csmonitor.com,Female
Susie,sjado7h@mtv.com,Female
Angelia,aaspden7i@sitemeter.com,Female
Jerrie,jantonio7j@irs.gov,Male
Melisent,mtamburi7k@amazon.com,Female
Regan,rcausby7l@wikipedia.org,Male
Dasi,dhalfhide7m@ovh.net,Female
Bonnee,blockwood7n@ed.gov,Female
Emanuel,eoxnam7o@shareasale.com,Male
Corrinne,culster7p@flickr.com,Female
Cesaro,cmarshland7q@harvard.edu,Male
Barney,bstreatfield7r@rambler.ru,Male
Elihu,ebagnold7s@amazon.com,Male
Kimbra,kclemencet7t@dyndns.org,Female
Adrien,adelaspee7u@ycombinator.com,Male
Ralina,rtevelov7v@goodreads.com,Female
Roseann,rlabes7w@blogtalkradio.com,Female
Brett,bellesworthe7x@mlb.com,Female
Melisenda,mbiggadyke7y@un.org,Female
Tommy,tpepis7z@edublogs.org,Male
Corbin,cragbourne80@answers.com,Male
Emilee,ehenkmann81@dedecms.com,Female
Bord,bgourley82@yellowpages.com,Male
Walt,wsambles83@ted.com,Male
Marci,mbielby84@hibu.com,Female
Tomas,tashworth85@altervista.org,Male
Pren,pnock86@home.pl,Male
Ki,kflindall87@livejournal.com,Female
Melly,mbeveredge88@unblog.fr,Female
Sigrid,sweatherby89@washingtonpost.com,Female
Daryle,dpriscott8a@cnn.com,Male
Arnaldo,aesbrook8b@wisc.edu,Male
Joella,jheard8c@yahoo.co.jp,Female
Zorah,zdobney8d@paginegialle.it,Female
Bamby,bgarnsworthy8e@infoseek.co.jp,Female
Launce,lluxton8f@msu.edu,Male
Courtnay,cbarclay8g@sakura.ne.jp,Female
Lancelot,lcrier8h@hp.com,Male
Cecil,cgiovanitti8i@fotki.com,Female
Alex,aickov8j@shop-pro.jp,Male
Petunia,ppau8k@stumbleupon.com,Female
Anastasia,adabels8l@weather.com,Female
Kitti,kmullen8m@webmd.com,Female
Charissa,cickovic8n@gravatar.com,Female
Grange,gsedge8o@furl.net,Male
Philly,pconeron8p@webeden.co.uk,Female
Ciel,casipenko8q@dyndns.org,Female
Mel,mgilyott8r@photobucket.com,Male
Samantha,ssussex8s@deviantart.com,Female
Laurice,lborrott8t@g.co,Female
Shanon,sbrixey8u@webeden.co.uk,Female
Layney,lrosenbaum8v@nba.com,Female
Powell,pwyllcock8w@discovery.com,Male
Huntley,hpopescu8x@cnn.com,Male
Hannah,hgiannazzi8y@lycos.com,Female
Auberon,aerswell8z@wordpress.org,Male
Spike,sboulding90@ca.gov,Male
Garrard,gbrower91@pen.io,Male
Marline,mstrange92@chicagotribune.com,Female
Katherina,kgadie93@unicef.org,Female
Cullan,cbaus94@cyberchimps.com,Male
Tannie,tbarnwall95@economist.com,Male
James,jbolderoe96@google.es,Male
Judah,jdongles97@goodreads.com,Male
Udall,usiddens98@sun.com,Male
Dulcy,dsimson99@patch.com,Female
Lowell,ljancy9a@tinypic.com,Male
Lorene,llambrook9b@telegraph.co.uk,Female
Ermina,emowles9c@soundcloud.com,Female
Ibbie,ihannen9d@va.gov,Female
Tonnie,tmorlon9e@china.com.cn,Male
Ruprecht,rpearse9f@oracle.com,Male
Lianne,lrumsby9g@mac.com,Female
Monty,mwaddam9h@amazon.co.jp,Male
Zenia,ztredwell9i@prweb.com,Female
Barbabra,bweitzel9j@google.com,Female
Valene,vswaby9k@oracle.com,Female
Laurice,lpenwright9l@digg.com,Female
Berri,bgraftonherbert9m@creativecommons.org,Female
Lily,ltomsen9n@vistaprint.com,Female
Leonelle,lbewsey9o@whitehouse.gov,Female
Kenny,klindenman9p@phpbb.com,Male
Chariot,cdenzilow9q@woothemes.com,Male
Earlie,evasilenko9r@amazon.com,Male
Bevon,bspileman9s@cnn.com,Male
Catie,ckondratenko9t@networksolutions.com,Female
Gerianne,gmcgowran9u@hatena.ne.jp,Female
Merrili,msmyley9v@hexun.com,Female
Osmund,omcdavid9w@yolasite.com,Male
Haley,hdecruze9x@tuttocitta.it,Male
Dillie,dlafee9y@w3.org,Male
Fidelity,ffawley9z@umn.edu,Female
Ker,ksidarya0@twitpic.com,Male
Lucia,lfonteynea1@netscape.com,Female
Scotty,sburragea2@cargocollective.com,Male
Scot,sbrennansa3@biblegateway.com,Male
Gennie,gquinlana4@webeden.co.uk,Female
Aurie,aflaunea5@mail.ru,Female
Maxim,mmarsya6@sfgate.com,Male
Kacey,kpigginsa7@aol.com,Female
Ricky,rcescoa8@japanpost.jp,Female
Estella,ecraisea9@dedecms.com,Female
Hurley,hmarstersaa@sohu.com,Male
Maribeth,mschefflerab@cnbc.com,Female
Evanne,ehollingdaleac@howstuffworks.com,Female
Prisca,pzecchinelliad@cpanel.net,Female
Trip,tcloneyae@theguardian.com,Male
Brice,belleryaf@miibeian.gov.cn,Male
Sunshine,ssinfieldag@sciencedirect.com,Female
Hale,hkilleenah@comcast.net,Male
Anthia,aheckai@unblog.fr,Female
Ludovico,lwildesaj@smh.com.au,Male
Shea,sgooseyak@shinystat.com,Male
Baron,bvarnesal@sohu.com,Male
Kincaid,kbampfieldam@wikimedia.org,Male
Garik,glymbournean@123-reg.co.uk,Male
Lian,lleirmonthao@slideshare.net,Female
Leanna,lkinvigap@ycombinator.com,Female
Hurlee,hrolfeaq@timesonline.co.uk,Male
Carl,cdalgarnoar@yelp.com,Male
Raddy,rdessauras@sogou.com,Male
Mortie,mreaceat@vkontakte.ru,Male
Barron,bkemau@umn.edu,Male
Jolynn,jmccullochav@posterous.com,Female
Nissie,nhelietaw@topsy.com,Female
Micky,mbotgerax@deviantart.com,Male
Edik,ejenessay@sfgate.com,Male
Hagan,hleleuaz@bandcamp.com,Male
Mandy,mextanceb0@cmu.edu,Female
Sheri,shattb1@miibeian.gov.cn,Female
Reuven,rjarroldb2@bbc.co.uk,Male
Franciskus,flewsonb3@ycombinator.com,Male
Agustin,abarrettb4@taobao.com,Male
Paxon,plamblinb5@bloglovin.com,Male
Malia,mrojasb6@mit.edu,Female
Orland,okahenb7@pbs.org,Male
Arther,aogradyb8@rambler.ru,Male
Terrell,tscamblerb9@elpais.com,Male
Bird,bsymcoxeba@phoca.cz,Female
Sunny,sbeumantbb@cdbaby.com,Male
Trip,tturlebc@delicious.com,Male
Elna,echelambd@redcross.org,Female
Renaldo,rbreslaube@icq.com,Male
Alexander,amacknockiterbf@webnode.com,Male
Bradly,bosuairdbg@eventbrite.com,Male
Reeba,rjoelbh@homestead.com,Female
Floria,fscipseybi@sphinn.com,Female
Clark,cbesseybj@intel.com,Male
Mel,mcolumbk@biblegateway.com,Male
Paulina,ptuffieldbl@histats.com,Female
Laurie,lharderbm@ftc.gov,Female
Allx,aruttgersbn@spotify.com,Female
Adelbert,abuddingtonbo@yahoo.co.jp,Male
Thorndike,ttackleybp@bluehost.com,Male
Sadye,sphilippetbq@reddit.com,Female
Pancho,ptallentbr@examiner.com,Male
Lauritz,ljollandsbs@vkontakte.ru,Male
Sapphira,smatthiesonbt@disqus.com,Female
Emmott,epaulsonbu@examiner.com,Male
Tallulah,tfaccinibv@simplemachines.org,Female
Raychel,rkonerdingbw@g.co,Female
Bobina,bvarrowbx@tiny.cc,Female
Lavena,lroscampsby@cyberchimps.com,Female
Merrielle,mscholefieldbz@qq.com,Female
Silva,sfaircloughc0@japanpost.jp,Female
Kalila,kmolyneauxc1@webs.com,Female
Lorna,lquiddihyc2@yahoo.co.jp,Female
Augustus,amacmechanc3@360.cn,Male
Alta,astellic4@dailymotion.com,Female
Ruperto,rcourtmanc5@symantec.com,Male
Edmund,egunthorpec6@google.co.uk,Male
Allsun,ashankc7@huffingtonpost.com,Female
Abramo,alaugac8@weebly.com,Male
Sheri,sgrimwoodc9@economist.com,Female
Ariadne,alabbetca@studiopress.com,Female
Charley,clummiscb@mac.com,Male
Maribelle,mpirdycc@fastcompany.com,Female
Jaimie,jwedgbrowcd@sogou.com,Male
Taber,tbaudryce@google.cn,Male
Minnnie,madamecf@pen.io,Female
Tobe,tsarfasscg@ftc.gov,Male
Rich,rlobbech@adobe.com,Male
Lucinda,lwhistlecraftci@example.com,Female
Merill,mdoogancj@deliciousdays.com,Male
Estevan,esudyck@who.int,Male
Elisha,ebrigstockcl@wikia.com,Male
Rabbi,rfreeborncm@about.me,Male
Averell,amaggorinicn@nsw.gov.au,Male
Beth,bkimmingsco@fotki.com,Female
Donn,dschapirocp@com.com,Male
Marji,mmarticq@infoseek.co.jp,Female
Virge,vhumphersoncr@csmonitor.com,Male
Mathian,maddinallcs@auda.org.au,Male
Arlee,aangricct@slashdot.org,Female
Nickie,nveldenscu@dion.ne.jp,Male
Heda,hvarfalameevcv@mapquest.com,Female
Guthrie,ghynardcw@nasa.gov,Male
Finn,fisleycx@mysql.com,Male
Jaquenetta,jdunthorncy@goo.gl,Female
Hubie,hmccambridgecz@wordpress.com,Male
Stillman,sservanted0@nasa.gov,Male
Bartholomew,bsherebrookd1@aol.com,Male
Andra,averdyd2@hostgator.com,Female
Dallas,dtournerd3@dyndns.org,Female
Bastian,bgerritzend4@patch.com,Male
Daron,djuzad5@ucoz.ru,Female
Dulcie,dtauntond6@elegantthemes.com,Female
Arluene,abewicked7@about.com,Female
Phaedra,pleythleyd8@xinhuanet.com,Female
Birk,blownsbroughd9@bbb.org,Male
Kylynn,klorrimanda@oakley.com,Female
Mikaela,mqueendb@nbcnews.com,Female
Jdavie,jphettiplacedc@auda.org.au,Male
Rickert,rcrabbedd@loc.gov,Male
Gratiana,gyearbyde@irs.gov,Female
Zerk,zberrisforddf@prweb.com,Male
Byrom,bsheermandg@ucoz.com,Male
Mae,mheritydh@springer.com,Female
Temple,tshackelldi@amazon.co.jp,Male
Jarret,jseintdj@hubpages.com,Male
Renae,rlabonedk@gizmodo.com,Female
Cecelia,ccrimminsdl@furl.net,Female
Karol,kwiskardm@vk.com,Female
Reine,rnewlovedn@hubpages.com,Female
Ludvig,ldawdo@scientificamerican.com,Male
Daisie,dhenridp@51.la,Female
Renault,rwreightdq@istockphoto.com,Male
Tabbie,tberdr@about.me,Female
Joyann,jpoleyds@vistaprint.com,Female
Dar,ddrakedt@blogspot.com,Male
Jori,jsaziodu@usgs.gov,Female
Halli,hharraddv@myspace.com,Female
